{"base_lr": 0.0002, "lr": 1.8148148148148147e-06, "data_time": 0.09606762409210205, "grad_norm": NaN, "loss": 27.839581146240235, "loss_cls": 17.758516216278075, "loss_bbox": 5.190634570121765, "loss_dfl": 4.810876369476318, "kd_loss": 0.07955382242798806, "time": 0.5155986976623536, "epoch": 1, "iter": 50, "memory": 7929, "step": 50}
{"base_lr": 0.0002, "lr": 3.6666666666666666e-06, "data_time": 0.01891329765319824, "grad_norm": 120.49320770263672, "loss": 28.561611328125, "loss_cls": 18.283002128601073, "loss_bbox": 5.265238962173462, "loss_dfl": 4.949755845069885, "kd_loss": 0.06361439034342765, "time": 0.4253951978683472, "epoch": 1, "iter": 100, "memory": 2236, "step": 100}
