{"base_lr": 0.0002, "lr": 1.8148148148148147e-06, "data_time": 0.08581713199615479, "grad_norm": NaN, "loss": 27.953533935546876, "loss_cls": 17.69949514389038, "loss_bbox": 5.232071750164032, "loss_dfl": 4.952735595703125, "kd_loss": 0.06923136077821254, "time": 0.49440373420715333, "epoch": 1, "iter": 50, "memory": 7927, "step": 50}
{"base_lr": 0.0002, "lr": 3.6666666666666666e-06, "data_time": 0.018893218040466307, "grad_norm": 106.60851638793946, "loss": 27.00786099433899, "loss_cls": 17.247309980392455, "loss_bbox": 5.0117686033248905, "loss_dfl": 4.685443925857544, "kd_loss": 0.06609084084630013, "time": 0.4060116195678711, "epoch": 1, "iter": 100, "memory": 2131, "step": 100}
{"base_lr": 0.0002, "lr": 5.518518518518518e-06, "data_time": 0.018681254386901856, "grad_norm": 94.66537658691406, "loss": 27.126282424926757, "loss_cls": 17.30559591293335, "loss_bbox": 5.1184424829483035, "loss_dfl": 4.643785376548767, "kd_loss": 0.05845881097018719, "time": 0.3938909959793091, "epoch": 1, "iter": 150, "memory": 2131, "step": 150}
{"base_lr": 0.0002, "lr": 7.37037037037037e-06, "data_time": 0.01857677459716797, "grad_norm": NaN, "loss": 27.518796005249023, "loss_cls": 17.28030128479004, "loss_bbox": 5.35554675579071, "loss_dfl": 4.810854988098145, "kd_loss": 0.07209309324622154, "time": 0.40511977672576904, "epoch": 1, "iter": 200, "memory": 2131, "step": 200}
