{"base_lr": 0.0002, "lr": 1.8148148148148147e-06, "data_time": 0.06378689289093017, "grad_norm": NaN, "loss": 27.08578269958496, "loss_cls": 17.43326322555542, "loss_bbox": 4.876181061267853, "loss_dfl": 4.701750884056091, "kd_loss": 0.07458758592605591, "time": 0.4918279504776001, "epoch": 1, "iter": 50, "memory": 7932, "step": 50}
{"base_lr": 0.0002, "lr": 3.6666666666666666e-06, "data_time": 0.018709402084350586, "grad_norm": NaN, "loss": 27.928314361572266, "loss_cls": 17.354800624847414, "loss_bbox": 5.502844491004944, "loss_dfl": 5.002978019714355, "kd_loss": 0.06769113257527351, "time": 0.41191224098205564, "epoch": 1, "iter": 100, "memory": 2234, "step": 100}
{"base_lr": 0.0002, "lr": 5.518518518518518e-06, "data_time": 0.01857518672943115, "grad_norm": 100.98306419372558, "loss": 27.545278663635255, "loss_cls": 17.267961463928224, "loss_bbox": 5.209614245891571, "loss_dfl": 5.005909314155579, "kd_loss": 0.06179380312561989, "time": 0.405903058052063, "epoch": 1, "iter": 150, "memory": 2234, "step": 150}
{"base_lr": 0.0002, "lr": 7.37037037037037e-06, "data_time": 0.018502826690673827, "grad_norm": 106.39175155639649, "loss": 25.878052978515626, "loss_cls": 16.201775245666504, "loss_bbox": 4.975868754386902, "loss_dfl": 4.6281871461868285, "kd_loss": 0.0722219081223011, "time": 0.41039549827575683, "epoch": 1, "iter": 200, "memory": 2234, "step": 200}
{"base_lr": 0.0002, "lr": 9.222222222222222e-06, "data_time": 0.018589982986450194, "grad_norm": 97.26019973754883, "loss": 26.102938842773437, "loss_cls": 16.270502395629883, "loss_bbox": 4.89559026479721, "loss_dfl": 4.842486715316772, "kd_loss": 0.09435929596424103, "time": 0.4106994915008545, "epoch": 1, "iter": 250, "memory": 2234, "step": 250}
{"base_lr": 0.0002, "lr": 1.1074074074074073e-05, "data_time": 0.018600893020629884, "grad_norm": 96.17292022705078, "loss": 24.798658447265623, "loss_cls": 14.833124446868897, "loss_bbox": 5.085869789123535, "loss_dfl": 4.735462641716003, "kd_loss": 0.14420157194137573, "time": 0.4203909778594971, "epoch": 1, "iter": 300, "memory": 2235, "step": 300}
{"base_lr": 0.0002, "lr": 1.2925925925925926e-05, "data_time": 0.018456244468688966, "grad_norm": 101.42716232299804, "loss": 23.608995895385743, "loss_cls": 14.17874942779541, "loss_bbox": 4.650095701217651, "loss_dfl": 4.542972197532654, "kd_loss": 0.23717862993478775, "time": 0.40856815338134767, "epoch": 1, "iter": 350, "memory": 2234, "step": 350}
{"base_lr": 0.0002, "lr": 1.4777777777777778e-05, "data_time": 0.01822636604309082, "grad_norm": 111.59482139587402, "loss": 24.22748847961426, "loss_cls": 13.758282623291016, "loss_bbox": 5.332484803199768, "loss_dfl": 4.793392472267151, "kd_loss": 0.3433284467458725, "time": 0.40796475410461425, "epoch": 1, "iter": 400, "memory": 2234, "step": 400}
{"base_lr": 0.0002, "lr": 1.662962962962963e-05, "data_time": 0.018080711364746094, "grad_norm": 105.13947067260742, "loss": 22.067298736572265, "loss_cls": 11.999028720855712, "loss_bbox": 4.858630710840226, "loss_dfl": 4.700980911254883, "kd_loss": 0.5086583712697029, "time": 0.3994536733627319, "epoch": 1, "iter": 450, "memory": 2234, "step": 450}
{"base_lr": 0.0002, "lr": 1.848148148148148e-05, "data_time": 0.018467106819152833, "grad_norm": 111.10135375976563, "loss": 21.628582916259766, "loss_cls": 10.817076101303101, "loss_bbox": 5.346954836845398, "loss_dfl": 4.811458349227905, "kd_loss": 0.6530934375524521, "time": 0.4125129985809326, "epoch": 1, "iter": 500, "memory": 2234, "step": 500}
{"base_lr": 0.0002, "lr": 2.0333333333333334e-05, "data_time": 0.018441948890686035, "grad_norm": 106.22593688964844, "loss": 20.504444198608397, "loss_cls": 9.819678630828857, "loss_bbox": 5.319213809967041, "loss_dfl": 4.630349650382995, "kd_loss": 0.735202049612999, "time": 0.4116670274734497, "epoch": 1, "iter": 550, "memory": 2234, "step": 550}
